title,description,review,rating
Mental,How Men Strengthen Their Mindset,5 reviews,5.0
mentalport-app: AI Mental Health Coach,"Personal systemic AI coach, everyday companion & health hub",3 reviews,5.0
Yuna AI — Your Mental Health Coach,A safe place for self-discovery,1 review,5.0
Ash,The first AI designed for therapy,2 reviews,5.0
todai,Your first personalized happy lifestyle index,3 reviews,5.0
TherapyAI,AI Therapist for stress and anxiety,5 reviews,5.0
MYND,24/7 AI Bestie For Your Mental Wellness,,
Soula Care,"AI-powered assistant for pregnancy, birth and postpartum",14 reviews,5.0
Guin - Your GoodMind Buddy,It's all about YOU!,,
MoodGallery: Emotions to art,Turn your moods into personalized AI artwork,1 review,5.0
